alpha_0,alpha_1,beta_0,sigma
0.0032620693545150174,0.3903302447206162,0.1437577575346008,0.011650803239906825
0.008505244990753856,0.0937002035806899,0.016292217028353866,0.011193838685443044
0.0011695131738035727,0.3721173904849895,0.15890440768986414,0.010057589615884658
0.007144165722565369,-0.009880864429012409,0.10558386830930613,0.01565922899584444
0.005379224961965164,0.040620776316976095,0.1148793509401672,0.009537208785611796
0.003995539382045445,0.40046699284788095,0.07392143449697466,0.011171152104687589
0.0026703613660205515,0.4835513338214837,-0.022918291501530137,0.011083488724142958
0.001390721604597494,0.4947344241206885,0.03032152612845899,0.012344442521779502
-0.0005208418137136504,0.23513352262878282,0.1838656493777267,0.012353437537364759
-0.0005203943999653013,0.23640766583879325,0.18647288879928695,0.012432008440877588
0.00815161192206511,0.10138587354085436,-0.015839515355504034,0.010694785747482081
0.0009876356758321092,0.41902883743186964,0.19078351778709876,0.012767299010018447
0.007652310192970613,-0.07442068636351075,0.035556565917094295,0.011130596393109676
0.0075084912398879515,0.24998117109218448,0.055550755786511745,0.011214996384195377
0.0008831473943447473,0.16347482145639378,0.1652752531528509,0.011276530331288294
0.006337826506988775,0.19067332859335576,0.0847955111113408,0.012473577686770694
0.005798503708187358,0.11656021797705318,0.04072532899154601,0.010054033559602195
0.003487532044531197,0.455688499399596,0.186458123108009,0.013604766445088885
0.002911755727005881,0.046105052047086224,0.06073521843763052,0.010618444554386389
0.005490507036531775,0.21233576115084274,0.09501261040212025,0.012671739891990335
0.005708129040881136,0.14325712428154827,0.10539207792654888,0.008383004693397937
0.004647433285849642,0.05591402462544986,0.09057571460156504,0.014364469559659811
0.00513252243882774,0.22769151458271322,0.08298466453446285,0.00909819243970776
0.003121038583889087,0.4422103016520644,0.07926897921964628,0.014040875185162453
0.0034271509864246684,0.31241666250668493,0.09029992087907764,0.015334294363601165
0.005428041825864458,0.14072716208242508,0.1723486684851441,0.015588924536185676
0.0038232873062212956,0.11006361987337061,0.14402890333441218,0.012268354087214025
0.005576604055814375,0.320031980086974,0.04447315051567226,0.0103461765737353
0.004329094168419472,0.10748158006919144,0.16718642482159488,0.012250611619770342
0.003900346714575799,0.5308009103352714,0.014162739142870667,0.012492976274075066
0.0072144138599440095,-0.015535568988945895,0.11620674102588727,0.010598080289785176
0.00251675018330954,0.4607899083595501,0.06854294526149408,0.011731604776907958
0.0063611448927578,0.07018571955660506,0.12966848553254384,0.011374913675816807
0.005484401287786158,0.19092835462478575,0.03704870232524377,0.011761565812464313
0.00162637067478554,0.2083846378226546,0.12029150298198713,0.010870899527494732
0.005622260943612594,0.43487099652488465,0.03598933970533816,0.01174164109130443
0.006182444587052364,0.05937927785665878,0.19680409711145505,0.01084881035825434
0.004776066570613785,0.1437537233958792,0.18203118794989434,0.01090428168600354
0.004540120093996401,0.03530651315293039,0.20012032455455217,0.01225873613698313
0.005370028991198445,0.3879272112209635,0.024630377012654824,0.01041078257947399
0.0030154560038631387,0.08280398395340047,0.14057631787256014,0.011918773489217443
0.004759325300348072,0.2905163700358852,0.06496471063836591,0.010821483836522316
0.005378138232640397,-0.002781724680617303,0.14932952718327522,0.013148751800376788
0.002884834478600943,0.4452845946927647,0.043802928848907234,0.009223131666528024
0.005652142502725053,-0.0862180181948987,0.1395762619264713,0.013811727362257616
0.004703628794752194,0.4102707213486737,0.05578082225945253,0.010564778699455058
0.0017136475888424481,0.1551364617480979,0.07986970872135837,0.013515906479839666
0.00646834877491548,0.14668705330506832,0.09054374781966104,0.01022753842836316
0.003530864135368787,0.31263681374351604,0.13731896548794015,0.010833054343992407
0.0024006304118057817,0.38215007983364874,0.015669917210553302,0.01092292075389734
0.007133726124285951,0.06222606023466749,0.18418257554520276,0.012633100058680905
0.0037374122108238886,0.3525511264940843,0.04840586258416476,0.009784610442902193
0.00597813157391211,0.3594071451971629,0.024702931154926944,0.009117364805672282
0.002445015011041685,0.2742041598391909,0.16446386894145731,0.009923605249566767
0.0088967269518026,0.09056429217270097,0.05030104045144654,0.01192443510318764
0.006869847523318594,0.0475006902439013,0.10579658572718674,0.012256985927866433
0.002617386722256962,0.4987282009760405,0.12086418857510028,0.010532426401792836
0.00568279221798033,0.027859998939904904,0.06702807578630308,0.01091230942897221
0.002351308755522778,0.34232339817830304,0.05345656132656011,0.011467540202027343
0.002850817215290967,0.298207981383221,0.07308611111739967,0.012286717386367831
0.005165447977434062,0.2409899566630531,0.056755525628273136,0.012326847420907366
0.0057403241217183635,0.21136663916146944,0.11684878165498205,0.0107409709418976
0.004075750315103261,0.3485876563892881,0.09687631003187228,0.011320061789967315
0.0042614302743902675,0.2421134587424916,0.05342792490608125,0.012700079056137287
0.004607684988105111,0.19971315128868752,0.05178238458542749,0.012724828113402689
0.006298898253351371,0.1470410399368506,0.14114099281922446,0.010471152410992486
0.0017404819461201782,0.317268347539771,0.07162221635050456,0.010317381063323436
0.006807328119054169,-0.017941923477371367,0.07322791482081235,0.012724956480548593
0.0023518594388366957,0.28585648234519817,0.12168267754398604,0.009509839476847547
0.009681124394274314,0.16195666045616947,0.07165054700919014,0.014590312278400682
0.005422722785589704,0.1534240482871197,0.10589055320355939,0.00987266481342903
0.0015652725546553166,0.16146920377982232,0.08890659949386859,0.013182619790587864
0.0030733515564628404,0.09687166576284917,0.054189045092872215,0.013597907027954692
0.002719218961268758,0.15601601947522087,0.07757474408470685,0.009751898148896775
0.006716781164945965,0.29714033282181485,0.08435045979901101,0.011154847992368646
0.006956044705915101,0.21363601832676996,0.033269770565156044,0.010758745153122827
0.002217073784867117,0.2690948138732683,0.10101031415179804,0.01161871082873187
0.005369947665007912,0.5044284542741134,0.03865592021375329,0.01251893851315341
0.005104508637778348,0.13488739842151062,0.07922742001088497,0.009775338710238012
0.0025121794392665873,0.23413173641221585,0.09284646096824328,0.013950448318282179
0.004551946894654636,0.3231116073842905,0.08667380909720904,0.010034623883242525
0.005554232281543468,0.09022327730192264,0.13138605981981413,0.008760012667831395
0.0033191913994263084,0.4023373638453831,0.08896124013891338,0.015788304315037156
0.0065657336811331506,0.2989094653166106,0.10303737892642154,0.012843254388641749
0.007338558017707546,0.013760995725944473,0.05142368523155394,0.011213623091493692
0.003160346299601776,0.2693610019028857,0.16582366185188147,0.012677947924823357
0.005182553465715628,0.4218292771827756,0.09054481322435005,0.01157845283097581
0.0037879581769289516,-0.0391114974526174,0.1362801935649724,0.012875014487760359
0.004007941547864097,-0.10937422260156132,0.04798722702035138,0.01208741625717081
0.006488202963460571,0.338272983527507,0.17240349966391988,0.010350091699003744
0.005679328048669189,0.32966894139617464,0.10663043905386091,0.012845899775471853
0.004588783442938154,0.1337626099678673,0.04670833181801976,0.010687499184439708
0.004588783442938154,0.1337626099678673,0.04670833181801976,0.010687499184439708
0.005043177771976914,0.27427980130535706,0.10866180946211129,0.0116778541152107
0.002671640896051559,0.23291747638920393,0.06436409799277319,0.011853541018109119
0.00822870794347139,-0.00281088654973989,0.08557632623663032,0.013048629304893693
0.0013555664078161078,0.3780864735275182,0.1268956891037786,0.010084307588235667
0.0029056394405335205,0.31005033563839574,0.053367227709591805,0.010744397408938823
0.0051826222677789245,0.2968528679717717,0.12101452792423613,0.011103756902232234
0.00514835244357466,0.45618816788177274,0.10747295585365611,0.010125499355177937
0.001460273150456242,0.11843673275371092,0.12408104488140209,0.011430357475357861
0.005095584786041251,0.4374632326902743,0.12357800290205781,0.011516735325256393
0.006232544471819191,-0.08132954545763818,0.02689652405633925,0.011250336023149201
0.0028953118255064846,0.3231977584358399,0.15242484690761599,0.01172388022485111
0.006666180141284673,-0.16121194463820446,0.09693123406725501,0.010490285679654775
0.0007193617842411515,0.6158148612475213,0.05425556518522677,0.012573446691584885
0.003023376446747917,0.25802711103216835,0.14602639229224018,0.012801203361700991
0.0076093982850970465,0.10270927672286768,0.07962868079720156,0.010318999775489867
0.006115212201045303,-0.11641619370331266,0.12407875767542359,0.012107773943169288
0.004124292278187895,0.37355870190813084,0.09347653852245844,0.010786761438357141
0.005545409553526505,0.060328115083571006,0.1571937772840435,0.01206106273913221
0.0029752831167892714,0.32907247307578036,0.0636675218042656,0.010680215951543639
0.00474723552805192,-0.059364777086911694,0.037509844538714705,0.014399217999157447
0.000857819317929805,0.3697702183373059,0.0437483122516613,0.00977223147176366
0.007556511108960797,0.06714091223102293,0.13458154455008248,0.014367117769237957
0.006478391431645348,0.16858659545034219,0.0037663280789304583,0.012021344389323382
0.0058951075961571,-0.03197162774523073,0.16931935905187087,0.011403482095276363
0.004229608636419908,0.41949201955889776,0.07413161424528328,0.012166567702809801
0.0023168796260376653,0.389222612883274,0.024509859775245738,0.012368280686224921
0.0029596938222115894,0.4455350700900674,0.1415629154886113,0.0109048605054603
0.002880247142762992,0.24659000976258488,0.06610425688543117,0.009310925415060551
0.006262873750372223,0.317983295482758,0.061783028834651754,0.012552437804199934
0.003430632457851932,0.1571802256659771,0.11750951292222354,0.01028096455564098
0.002917491397023119,0.2213381597726417,0.08363319156149822,0.013012275579537805
0.005478957377133679,0.26767092086212846,0.0907597846817295,0.010518410197810158
0.008767065332225498,0.14915603808052444,0.08442849443382593,0.011124755668640145
0.002796301413666786,0.037138228422580404,0.13063064797006466,0.012409949934168484
0.007232239573345327,0.2901976584877424,0.0560180997687138,0.012073553553545776
0.005647946854227084,0.33229485344326326,0.03375150986667291,0.013378577178322025
0.005386698011041045,0.2081374594443978,0.14683390173719077,0.009898179777411259
0.005180560265439425,0.2838974694167176,0.07955067882307341,0.012387811999203665
0.0030427089262688015,0.07804884874929005,0.11083412626159038,0.011133338474462653
0.005399421111254214,0.3263378153373351,0.035416680445207634,0.011627464375791912
0.004726783911678771,0.401529432954481,0.09561785254251669,0.012467480712276534
0.005322365479575191,0.004889774417121951,0.14999836530763277,0.010414776702482677
0.0056035847845396615,0.14677642724339202,0.17502845920036564,0.01183307434954227
0.003999136210763819,0.3061376186901824,0.018149188174001976,0.011545770899677798
0.0037844778668752257,0.301241853485532,0.047323516709739,0.011431090224723288
0.004828565991481813,0.18306090439852457,0.05065447077732454,0.011466772614994684
0.003669410483423693,0.25042554633340725,0.15379990468458443,0.010407003200705714
0.0030773972204369334,0.35833641882592565,0.0558928569611634,0.011420789828879193
0.003722348904960467,0.2693004009036887,0.14440919794843327,0.012373130292445729
0.0031254110378744586,0.025212254276819154,0.05631680036061625,0.012892317024718969
0.006583075258063711,0.16422325727529546,0.13520419327730132,0.01228972277758671
0.004308431486430156,0.19735610046505506,0.08387337965108432,0.012032088392616424
0.005214741115289255,0.24150938243377754,0.12936842599277876,0.010987682724313769
0.004002394498935825,0.18502691659974185,0.11586252858975737,0.01170183619391576
0.007776187127255516,0.20911444024690212,0.12743299972339814,0.010712264457088855
0.004786361912705782,0.04868708542065308,-0.006774609481605873,0.013407225823478025
0.00488383189813599,0.2709454767710618,0.21540805671406907,0.010266444464075902
0.005100861618031006,0.29477241524844594,0.11634391474699912,0.009197681559320874
0.005844965897513091,0.27207251742615557,0.11189697395542189,0.014050923423501725
0.00409589454514259,0.30492324280107835,0.08484016578638436,0.01321684161821871
0.0029728440246372507,0.21817965396274108,0.07739038025879748,0.010378966946211755
0.005814041043145242,0.24623075982145984,0.12197985480049357,0.012805186939328287
0.004826899503060149,0.3507670747462724,0.1424389998196581,0.011630851387781312
0.00603586744768993,-0.024406002303181795,0.010993606255035825,0.012365523035089828
0.005199356975062784,0.009556908250605685,0.09313018776043386,0.011143940115158488
0.0037041042907668036,0.4117174357206878,0.09961053852182936,0.009751299945035666
0.003388108436536892,0.2041594967608926,0.0511030359636823,0.013830418974173253
0.00638186329412424,0.1518283139246262,0.12297173759130275,0.012000289347528168
0.001246014518542596,0.28935402383556813,0.11056005432602142,0.011491947704519534
0.0019487435732503768,0.2992654854302992,0.12890835683635354,0.01134841149390816
0.003182668382734158,0.3234303047429026,0.1357522931729965,0.012905572603478917
0.003115252347382288,0.206865503374945,0.13262533167125418,0.013333495909044762
0.0015215866379605495,0.5705912804160321,0.07187114131342788,0.011502359433650244
0.0032653417743395722,0.47954159443937155,0.013885111321264158,0.01434073316183987
0.00491547443261506,0.3002719984026095,0.08844827576124147,0.011580454066851539
0.004904148367568565,0.15116310772401373,0.17155044262027797,0.011128362081812922
0.007576526842985481,0.21204997968241812,0.07863301592178851,0.01291749514619946
0.004384184532868358,0.07629269178335443,0.08845487016763788,0.011712754773266092
0.006478648844737537,0.13499794837261775,0.12955728301829986,0.011996179565387675
0.005460737179239397,-0.0577482045211985,0.020578514054126376,0.012991128107578706
0.004642549045268264,0.07838961040867509,0.08408661902033766,0.012026735233446896
0.003045059303579569,0.33747190279530587,0.15066851629540273,0.012208068598956763
0.004889270304716328,0.20478078853660817,0.035500521241296434,0.01020342576162156
0.003921023320383589,0.11701151204467952,0.09673553457487392,0.012529728752999113
0.005230275265504529,0.18765428201678366,0.10049991063574397,0.010181290719943776
0.0046841048001830775,0.1605713036805707,0.1036047223577068,0.011857469769203691
0.005923255490761424,0.14422563519135145,0.09197815684928688,0.011411723508842845
0.004008512128262203,0.30029534659067564,0.11804085751418679,0.01097841214019209
0.002077338549096148,0.27917911254215594,0.13216302650956682,0.011123611526545184
0.005962638888246917,0.1952069601293657,0.1249612188025232,0.012167323665173141
0.0026990581299523547,0.26902376605033695,0.07236857135635755,0.011291813101067779
0.007184309497337502,0.040126667188194305,0.15186147504083622,0.012161742136732798
0.00255144981118489,0.24717577519650824,0.06964256905795957,0.013660373866014782
0.007085567821947,0.1313704224441323,0.09008024954285908,0.010128282842062401
0.004162320693192208,0.27303647982259094,0.14988455306070575,0.012238541770833538
0.0013909500843019163,0.27170444424918594,0.09389559085378393,0.011907597654719899
0.007381826290916488,0.0907459091916543,0.10358601094270999,0.010853471322652165
0.0029487303545251906,0.22260752508057993,0.13050314510182934,0.011264344725216821
0.0010656215768663252,0.46582808168865014,0.14685393172423786,0.01272793242669863
0.00118293433844655,0.2978746712901991,0.02789763281181488,0.013155605200934783
0.0014116341172480333,0.7573462061693153,0.09703228391707668,0.012101464465473945
0.0009755682978161647,0.6888867822484378,0.0769812828479425,0.011684364386367224
0.004787222454809868,0.2637357782281482,0.010338237885958402,0.010404017076946824
0.00611579273729042,0.027485336921832193,0.08832462912427257,0.010952086207867341
0.0029198808136150435,0.3722529403596843,0.0886591941517085,0.011162050815716293
0.006732674079438885,-0.06870565679222317,0.11597553869527165,0.011675434879513414
0.004375534194999166,0.34734664259522646,0.10837269360601877,0.00974265589325724
0.0034938954076596126,0.21537483641982103,0.08125690171461704,0.010919756016127833
0.0065818953246265105,0.08405495772026432,0.12297942297528304,0.011144418979250108
0.0011328755404381378,0.41188240929081227,0.034703195943347476,0.010283913355617135
0.004403204392661247,0.2810168724851059,0.10932744784895088,0.011282739499905407
0.0002438612331061767,0.5588199072173547,0.06059339122958028,0.012241396538329662
0.005366566264796317,0.13663467886947558,0.10814384988283064,0.011821176796197947
0.005090898537636275,0.13629264119700654,0.14562544135695377,0.010249555005112343
0.005731804536506311,0.2072467720345986,0.01978785160882518,0.009681636167288458
0.007237921993577084,0.19863024301072182,0.03837084058216986,0.010293064033434794
0.0029680043804642337,0.3091262732375948,0.03884557399222074,0.010523192684910867
0.00453669171842825,-0.046195135823215404,0.09651560122213466,0.012184995567318417
0.00817121544774426,0.239098643624449,0.08010211837996746,0.01061434853559925
0.008900896478231434,0.17882101996574867,0.06327401606954108,0.010539675460246166
0.0009080058081111287,0.22175421943592824,0.08745193253596736,0.013166639093606504
0.004717104481018406,0.05364142500437231,0.0502741050058836,0.011075594293064815
0.004780791615127917,0.4349781090133655,0.11219202305637659,0.013174557507906193
0.004889525720982145,0.1713641689294235,0.06317902570361308,0.010669638611850045
0.0037524223234463084,0.31374754492104656,0.1370613196907077,0.01199375094302046
0.005238193723535124,0.06760597023366903,0.09569606406635027,0.011446268204453278
0.00621774829508759,0.1890593513138607,0.09043091331021903,0.010051015284496395
0.0016427159902616176,0.41823713243142646,0.08297808382227861,0.013313337356044563
0.005624302918028001,0.1178476139741301,0.07603505874189558,0.009199964486990802
0.005648232495820476,0.16856999700709427,0.09515407982380425,0.01168809594081486
0.003226427436692587,0.2600691969838388,0.10624760341444177,0.010341623269526404
0.005789416360083984,0.09622134347692424,0.09725178814447949,0.012307547121414398
0.0051575752394846484,0.1940117699921055,0.23028018194011787,0.011565296924205779
0.007177065231505833,0.04251512792550351,0.1444447115439402,0.010317284224770929
0.0029783640211653696,0.29165868237246617,0.06780272719373606,0.01280130991460316
0.007428822597374881,0.10684422213782566,0.10474909640700955,0.011618777279401585
0.0016181578512296042,0.3103926424041237,0.08423225619949222,0.011472553742377087
0.0017451096389136946,0.3078730676606014,0.08990719459305524,0.011495875912668868
0.009191913052586284,-0.09000501143347309,0.1297016851459883,0.011407865192256419
0.003180908111631652,0.27759204158444845,0.10507822846549511,0.011608207120937719
0.0004723424557386271,0.408879030785983,0.10697137770571298,0.012411991149600963
0.006750416265351958,0.061361763586718306,0.13695859549909503,0.011335838275720916
0.006860595136215296,-0.08194300253576219,0.0961814070601771,0.01059655022568017
0.004722421401678342,0.4470209847528692,0.05493552493425528,0.012884997295457872
0.0059906248842464295,0.00900383371218052,0.1387462849093276,0.011217814876885958
0.004766277392551224,0.16945992829846268,0.13557230366729559,0.010560437819169122
0.0038168959001027634,0.49691939679000563,-0.011613454071141293,0.012968819680186573
0.006113164196624138,0.4083649886180489,0.020252252799963028,0.010904638386777092
0.004153280877756302,0.19226991279352745,0.034571240828934285,0.010311634271591246
0.004511709559301529,0.15179770915261645,0.04620846433517835,0.010170963567288218
0.004893013394379211,0.22495616418948441,0.11533295332251553,0.012759125548753917
0.004424414107922001,0.12398838655072802,0.026871344798157705,0.011478354651345805
0.00884830226248112,-0.012726157461218158,0.07158690885635488,0.013253287875347547
0.002170213733904005,0.24897426287310268,0.10681768612337879,0.009771471037761388
0.0045360055524377475,0.16784124366159675,0.02345156994097233,0.013276311660102062
0.007064308105903754,0.066727601355299,0.18827546899183298,0.011680448837102191
0.0028015378743550235,0.3687054956878907,0.010383182856171333,0.011298899283218849
0.0046028455554211365,0.04072779172377378,0.12344574579282727,0.01075851748459513
0.0009555999326463002,0.6177835530696733,0.0639325943301052,0.013440300474798291
0.005539272146612317,0.04277712264253601,0.13575705450833764,0.010478196499195635
0.005310197189803195,0.07538406476779687,0.09777147610525298,0.01100847880549106
0.004813697951966977,0.17428658881998274,0.09916355912040435,0.011158090377186985
0.003847500537030243,0.2692437078127763,0.10496402514454115,0.011165372830802227
0.004211407275233736,0.28390876479037147,0.08937632558791558,0.010717023893276134
0.0030961295170809445,0.12026181982294247,0.11065332655674778,0.01116697548181961
0.0007242077537580222,0.28554947672944264,0.07799236720809279,0.010889854567128486
0.007251524795362528,0.30837258571907067,0.10403843269445333,0.011618269262435784
0.004196658503222476,0.12005160759338077,-0.006515283479213784,0.013671443792333465
0.0017687542391620105,0.38773862021807365,0.1933433251819375,0.010817593627814794
0.008130647974398417,-0.0033826023611297443,0.01574321953888565,0.011770303480766952
0.006449908840776757,0.047179804330364464,0.03972734288968428,0.010897076517185952
0.003789745896822865,0.17279129378695277,0.20175881807548388,0.012902124782675687
0.005772103476815221,0.353768033064806,0.022097918688836194,0.010025935922787896
0.004802984048022831,-0.0200829321138321,0.19956061456236238,0.01315761356149956
0.004334236720851192,0.12826158305268606,0.0015909688792056565,0.010652570778034713
0.006842728840524295,0.3408191267987368,0.07949074472171554,0.010319582580499297
0.006976150991469425,0.3781019543753858,0.09540809196760659,0.010151113300158995
0.005579832093609238,0.1887392670517689,0.14587296603375535,0.013414386286126576
0.004597314886720427,0.052849118805007825,0.10754550782375394,0.009318996736090246
0.004665849045704747,0.3838570490925713,0.055182071304638064,0.011793907244420521
0.004998120177814446,0.2123764922807015,0.05522560163230996,0.010809441964588756
0.004573892361455083,0.12863194433285832,0.169519740575185,0.011893284913959816
0.004681787883752959,0.28781101520768104,0.03436253002949379,0.009417566770336842
0.005107402225885333,0.17758218932784575,0.18837049259532515,0.012874608262702331
0.002657337503197852,0.11975709343013859,0.1856228607306018,0.01218735853387972
0.002623744356649593,0.39666528211067326,0.11489644326770664,0.014528379597223135
0.002066931211235209,0.35962155463719925,0.040167636649069256,0.011273380526833705
0.0081336124453461,0.023320902997242696,0.15377448259754692,0.013351141813017083
0.007846651921007884,-0.185859474189177,0.1599725527402188,0.01226303729931985
0.003463040763182356,0.38164947823050893,0.059814175513291885,0.010575994609145137
0.0019086508856177363,0.39565068052775393,0.09646694001399604,0.011639585407341294
0.0014451608874390385,0.43903327509830525,0.22058802296277547,0.013092352773263734
0.0066795104354569704,0.032276620049022264,0.009499985075245559,0.010953206742279927
0.007004066073999503,0.1411083050997045,0.13042730124936916,0.011361710738552709
0.002748793289792405,-0.016282688333098733,0.14596288199159665,0.011524371960733625
0.004979688967071496,0.6141648317520674,0.08355146307077584,0.01321686657839252
0.0031867196961948797,0.1320208025907351,0.024944494810760845,0.0121676575781903
0.005900487461194441,0.30961025013809906,0.16652416041341653,0.011961886071761487
-0.0008004493686994978,0.04320209653051375,0.01964788467958837,0.014580242786367643
0.009769018136462719,0.3485663901918463,0.07020758522380621,0.012551962593718718
0.0019254197470943693,0.23105333166230785,0.1593074991185761,0.011279254829888745
0.003748772076720126,-0.04540446799377887,0.14082646199509574,0.010770731997298172
0.003280122843798207,0.4667407885580166,0.09915320682189842,0.012879989210375682
0.0054064598564714395,0.06475409527232495,0.0810512437212797,0.011734841029300915
0.0046551444796391755,0.34701731213800446,0.037874855516894686,0.011526515393520901
0.004484357508758353,0.14017057696495372,0.16008455262011415,0.012285317533241752
0.005273503156572383,0.2714302759133006,0.06287125639593058,0.010241098764131751
0.003037563953723233,0.2611134502477388,0.12437136305887869,0.01069795594113357
0.005531383988057312,0.19038437981841644,0.07223812390795875,0.01142122839142162
0.005686880461063238,0.16810679521132751,0.12708063184740878,0.011105532615770648
0.00270659401579028,0.08862936694192208,0.12188929207170969,0.01172906664241322
0.006256734997603821,0.350348461844757,0.07250132337570432,0.011107327956568372
0.003905439102709454,-0.08392929895058955,0.08597427315331513,0.012098415437762055
0.00521781910046893,0.16443526250936483,0.2310516953838855,0.012590780673339637
0.006877047850881555,0.43333811793533195,0.03542929032241849,0.012088136523541003
0.005647686656579527,0.06711869360650645,0.22097162490656852,0.010934439848256459
0.0062788629475930904,-0.09326984456196251,0.07688541879661136,0.013926988601239719
0.00460153701711054,0.24233587382077895,0.04570533613311536,0.012731651390781055
0.005680397898556236,0.1122815684810276,0.1475611364884266,0.010004328015381321
0.007031747405218886,0.09758852373713538,0.05137418542555752,0.011024518154629221
0.002232807728634523,0.39776735959532805,0.15201803589362797,0.011155441971843236
0.00832081898001608,0.052763989520678,0.0841089536525277,0.011670648724966442
0.0065523758887429855,0.06594293262071164,0.11202355712194607,0.013916183146635414
0.0038410918487251015,0.1920745147083789,0.09959251715799798,0.011212139671008405
0.004355433221484549,0.20064256583294732,0.14846589032639915,0.010423260706040735
0.005429585691177605,0.09250869436140985,0.06218890927866644,0.011642935083297857
0.008598564349292197,-0.1244485649648622,0.11121272445534623,0.012519433908189336
0.0026605065384007107,0.21898453775884202,0.08535166205010561,0.01297536024801811
0.004591533840972818,0.08733772422575739,0.07025428921981064,0.010378091346680232
0.0019567481616516655,0.2551240027551231,0.05994747911748174,0.011686610206008818
0.00897954277223049,0.08144941064330419,0.11561109913815197,0.011277309260099809
0.0009051743149453704,0.32462009771467676,0.06653166281930917,0.012504102065968043
0.0024086584689147006,0.5783494329950507,0.08810298691671187,0.012150815931335756
0.006180927254773432,0.10727793120539521,0.12491940189645921,0.011083731600574246
0.004837075019995463,0.30587448614215923,0.08505271913846077,0.011407114015510282
0.002195000259627212,0.29495849614948055,0.08720160771987685,0.013156253544471998
0.002486788660562336,0.2824089041252551,0.05807207975450822,0.012871812849315397
0.003560949363257098,0.13953182631904573,0.10521107705982835,0.010360526704749521
0.006040554503964816,0.20100734812983134,0.1227607731041314,0.011462193275463297
0.006251882733409642,-0.11528251702308352,0.10815292136911556,0.011912853941732691
0.0031537304404519067,0.4361498982724821,0.10227227763931673,0.010516001287016647
0.006608229720978675,0.10690689398442349,0.10512440526569301,0.011908889868908567
0.005829512757469872,0.28817392856503316,-0.03655023036402294,0.011523962116361931
0.004777349978005275,0.056092322762320096,0.2614728284506021,0.011466767464644489
0.003532725068070063,0.2891451462597132,-0.002306387974557027,0.011313508951345704
0.005549705583805621,-0.14298238106531475,0.17677048155049846,0.011770579554463197
0.003154276189974844,0.10012259516625979,0.16440550551486371,0.011658627737860996
0.006034586658561822,0.34966711579624893,0.021698361358153985,0.011842554441427386
0.004903939209581257,0.1545987292763483,0.08009320158783352,0.012842535054464439
0.007154106937792979,-0.03368616709250643,0.15154302510793616,0.010769807414660715
0.00406918609813561,0.14614097213421437,0.12270516241777618,0.013800735799868178
0.005331952850971064,0.22032758998403223,0.12291055119351223,0.012162548431427571
0.0045436740977044116,0.11923471877301406,0.025352927990674932,0.011071341187224554
0.0031987036348384975,0.3765044144326683,0.15149339062911457,0.010816050742263404
0.0038933507814470124,0.1383168829153176,0.030554370088942153,0.010432833574828595
0.0026201948365411868,-0.00981503392643573,0.08991937032783096,0.012838748166264206
0.006964601904015652,0.21759821124866294,0.12718130291230814,0.011005166041364514
0.0019719667924924986,0.13927567688481005,0.05925266186105518,0.012312247704451452
0.007083394995312025,-0.046439647003849685,0.10485374807290966,0.010965572198744708
0.006988922850366062,-0.06695866783076292,0.11732675557619612,0.011346077007207632
0.0017812264147315088,0.3993983370742068,0.1127980130027769,0.011062974914017844
0.005506382127961796,0.19760085068883368,0.06586620510085621,0.009742946724771186
0.0046119045986040596,0.2871507595932217,0.1625430483271762,0.013191409325183362
0.006103983182363011,0.35275971270401396,0.0795991441369064,0.00961672981081736
0.0053634952956755555,0.070144363158271,0.19320738701166149,0.01404151190374872
0.004983025759169302,0.42381870866640015,0.00938619604570832,0.009869194200041028
0.006110673899873896,-0.07543597716659059,0.18810491486990474,0.013375899120419367
0.0017747068286147972,0.3586246633152697,0.1308678599012468,0.010991164587128885
0.007833480562573348,0.17038691318366792,0.022591292382357447,0.012086349096381987
0.005950113369156067,-0.021297778102090457,0.056222712609958966,0.015377588118810005
0.00495039341789034,0.2962989320435801,0.11558783112967082,0.009303075889577885
0.005886924846898895,0.16173249091682929,0.10999448911571409,0.010815149690947832
0.003344558799404287,0.1887063498270546,0.11130126355602288,0.011663703939777099
0.0015522478197497402,0.6402672882594406,0.0042305670264115875,0.012138385737139244
0.008907015984285026,-0.06207863751906105,0.10913526763459543,0.011506175986128018
0.0009896459452469063,0.5553206528008042,0.11372679348044265,0.011334873218547405
0.0016458722082940045,0.2960732385227906,0.07714175073844647,0.011393925949035492
0.005356086617321913,0.24494708018286176,0.12856895405221047,0.011535538072733175
0.0024812249235478963,0.1817694166479814,0.049453872425168015,0.011315838852073476
0.007858806420825478,0.12406451256631797,0.07813538638043951,0.011857048365113615
0.0061841492940745875,0.19405408617368503,0.05075259236938392,0.01150407310341114
0.005912526603065516,0.15592413300207456,0.04926850617107329,0.011872568285661267
0.0056583945920043125,0.2557495596474017,0.07152599454547294,0.01141025466117684
0.00634731488954037,-0.0033182275066161292,0.14156281392500022,0.010452577434187697
0.003487992616356362,0.29091941375590447,0.04135785155003259,0.013787308041605167
0.0053327935616995495,0.23516828445461924,0.05213928751282303,0.01081048261797715
0.0025042676445075013,0.1939276114749783,0.12087656844133655,0.011741631852130972
0.007560450854160663,0.21147340204860948,0.034480696689122944,0.010974346757950466
0.004748549502355836,0.35480536287407893,0.10473009105845965,0.01036363681814968
0.006291920024279383,0.23389807057710185,0.15545241522250258,0.012231212943853145
0.002270440808428905,0.26259225784125406,0.03069361680383625,0.010911299316056285
0.008807411558448022,-0.10133143560497757,0.19034217890538113,0.011778296305754022
0.0042473779918567305,0.223195865408793,0.014629984387013614,0.011100828998254233
0.008742154116267229,0.09066361522340262,0.11745590164979508,0.01226853561064892
0.0058190151242595405,0.041266292075012194,0.08306657407249789,0.013325691579139104
0.005039712809290583,0.08700773131774298,0.0645411993267859,0.010533726846096802
0.0030742616401750627,0.40950429893085327,0.13862244264236867,0.011776275186354287
0.0034848088983616206,0.3082601308422971,0.15385017376163687,0.011441103647547045
0.003463453814702589,-0.03291711025874859,0.14269356715542675,0.01157402456932039
0.00670558821912564,0.11250140559532285,0.16674484849151708,0.01517225879934594
0.005951952211044173,0.08471672325403648,0.019773165706303303,0.010978645436029518
0.0034574572043315588,0.19962303759111877,0.17393509772243168,0.011853587457771451
0.004829827622599904,0.19080609991354625,0.06933199016716049,0.011367659986785085
0.004653373859990016,0.21081271782517524,0.046159275621474635,0.012746970485991509
0.005838942780974289,0.2683701457567461,0.1360452426749065,0.010388659574828613
0.000983733814602802,0.24230372798890543,0.10059256261796179,0.01076478664738409
0.0015211166808193196,0.23633483009153122,0.12573708420263385,0.009659184001273037
0.0026592341270330285,0.3090853207941998,0.1263410556278647,0.009478750221024856
0.002845654720386342,0.33891111736311397,0.13112944634783746,0.009578193567559458
0.003290587512312659,0.4145574701276156,0.027401121010049777,0.01199704060243158
0.005904582536767527,0.04024177424955841,0.07724899446084914,0.011121989030276424
0.0032349871333056993,0.49565104542798516,0.05771993579396251,0.013797483805369505
0.007047309711741615,0.09793743204826279,0.15142733099825448,0.009477250092510704
0.004594500338522907,0.6403772572239326,0.08309480673161118,0.014379239230308892
0.0038118562168370333,0.33244334368344813,0.15233521114246068,0.013636987753780198
0.006699626245753747,0.02828773949339171,0.0767567118559518,0.009752566481348939
0.006409192696110181,0.04472079502771306,0.10341715914422822,0.012081965523156163
0.0032406599730671892,0.3846957162911768,0.0593033052323467,0.011933931394496564
0.003399077149416423,0.41605072546744903,0.06408095157582833,0.011782336375791048
0.0038457749376520664,0.12169687673641191,0.14914024958471023,0.010347810085963204
0.006642962968087447,0.09596479824867321,0.11756391518959008,0.010808421201419394
0.0037086739257425894,0.5271314946385416,0.08343408066686427,0.01237043436622861
0.00605808769934045,0.24411835140273835,0.05914959877082309,0.011799520369739004
0.001728490722439024,0.28193796527107007,0.12290250727018387,0.011220432342616922
0.006000418186236865,0.11529310857190542,0.03091999147752666,0.011157578131749115
0.006046504633608194,0.13318889336755818,0.028035268073353735,0.012412014500691935
0.004288449416572262,0.12221632840591931,0.1737170434365952,0.010954895193902376
0.006697411205713035,0.32768800143819254,0.05465863791205395,0.011739525035792456
0.004282459845086632,-0.11455233255292664,0.13245247158813706,0.011937577661616464
0.004570554249883065,0.2764068243416904,0.0231367214606957,0.011325665927043949
0.0026813065565709625,0.33291355821884905,0.18018303377299105,0.011880531519448609
0.009770808645547009,-0.05399004464595401,0.07920189751976726,0.012260577832990954
0.00611697275717845,0.07703251991986255,0.034380430001737475,0.010960229411842923
0.007534378534955694,0.11658120037558532,0.16220543084463707,0.009529436743853033
0.004208329533592926,0.06448948985287171,0.027851465908596326,0.011273687851170413
0.003161884975218692,0.1466897596790198,-0.01216678881172159,0.012913229562056348
0.0027181715473973958,0.2599537603632643,0.12949040874168127,0.010631326597608041
0.00625134825404928,0.24926625234854055,0.05209673234295385,0.011763034165878986
0.00702479154063696,0.29702346854219325,0.0956925802852255,0.011050185549622093
0.002992427670650888,0.10674506957742033,0.12873215437924382,0.012786979742738663
0.0037192214173548998,0.20295508795664038,0.1501756551414819,0.010877447861072554
0.002065088317194635,0.02483972739476797,0.14674045227394497,0.013362435898584496
0.00525342991423856,0.45200906759753806,0.06927206635764774,0.010912005138502648
0.005605501363186074,0.303673780696736,0.02299155973422594,0.009953141279509015
0.0038688660520618152,0.39423702527928384,-0.011886339166459252,0.010065545172433172
0.004909792514572827,0.26653132917712413,0.12065235688964343,0.013037063603345377
0.0036120336153016353,0.2615101832160449,0.11452648048112778,0.012033976008641825
0.0029149693007512966,0.4530253490421306,0.031383417833626207,0.010455594304602439
0.0049960779873721274,-0.001199317695302883,0.13808586916141868,0.01304826739337126
0.002536634868691859,-0.04881592796685614,0.11437885329401659,0.012604240556071525
0.004831492985549322,0.09080359252334534,0.13139477653957346,0.010340395821067074
0.006839677797694424,0.125080766296521,0.06249462467343343,0.01101186278178415
0.008029949577286572,-0.013384236187450509,-0.023804054265909647,0.01113438371065656
0.004754021652321223,0.16594156029472576,0.2028000146995835,0.011580652403221084
0.005038729583534853,0.22018043787722544,0.16177593405508006,0.011531593329183657
0.0056019812737016575,-0.005694861169107192,0.02149331234182853,0.010894381057844424
0.002127550540350232,0.07652574112948425,0.1306505305636436,0.012739585744930622
0.0030988133985784833,0.4082970588554656,0.0292587385934205,0.012816683986092633
0.00285680728510716,0.38070119314596923,0.005391462738034453,0.012691869663670868
0.003259715424858997,0.4210839029200674,0.02412890058614047,0.012122302275923619
0.004690183517661791,0.11505975926560434,0.13958658684783135,0.0103005057592012
0.0062886175399371825,0.07231466296590394,0.10321588069817618,0.011767926372007671
0.006288615161917226,0.1211932219891719,0.09707152101827284,0.012641085616715024
0.0027482075277276336,0.39715583631875584,0.12472835209312437,0.010361660206951019
0.006112403219922805,0.05783422023664003,0.06304941589100799,0.010499816073666207
0.004339141366642114,0.19191698681491717,0.08072274821840389,0.0106729452286266
-0.00048540242541053364,0.5927048627667464,0.04571672338339993,0.014675015409127004
0.0012889088021320874,0.5895927011023764,0.05925694332965508,0.012942160840974916
0.002220039952557048,0.3622987641434656,0.1022605312879147,0.01189439107340589
0.005653308630477251,0.12929138639684268,0.07286238412637099,0.011152328811383031
0.0030382183201269,0.3641261459801327,0.095989732828191,0.012660441401294489
0.0029474983823911238,0.324676044568649,0.0998223762091457,0.009985988053195807
0.0029280730847535447,0.3047278559217781,0.13448307949804203,0.011188162238256064
0.0024952688429448126,0.2617159148014646,0.14425178400513494,0.011078138650548611
0.005958582392311481,0.0558087289958164,0.04039373478600108,0.010957718768877541
0.0026037741383113816,0.31723807193674197,0.05573632974937773,0.015140733026177439
0.006788603338124609,-0.03211183861289805,0.1900721079252544,0.009973732835330306
0.005323053851652778,0.17334910021765598,0.02272853150301752,0.012044554720263532
0.005035856620752664,0.32070769083350703,0.13047940426616808,0.011029935131379667
0.003669707926917719,0.23178992085054712,0.10693811930443305,0.010912482954152496
0.006996272168129112,0.21627003400696343,0.14038512408962778,0.011952426167483975
0.0043480503229845835,0.008257385956890443,0.04794648405010125,0.01276516981763353
0.002966865826319058,0.23061929378451915,0.012771967810525866,0.011120553985978091
0.008400843602361867,0.10905391264608577,0.18386299049187038,0.011362783523496556
0.005083677302152749,0.5926928774140094,0.02866976684243593,0.012628759823153585
0.0020830023684530684,0.2585369337273406,0.08875755966485534,0.01020819916397864
0.005207299027102374,0.14208321306217886,0.05088374543998905,0.011335208225615276
0.006534231889175764,0.06453893474384359,0.15319180499491705,0.011005112727731355
0.004287241024247088,0.3644957486011875,0.05168424836386823,0.011254844763924006
0.001721738854680396,0.3048103153821352,0.13292981980186774,0.011068170214869775
0.005019743536241314,0.2031184219485206,0.09225239740965215,0.01059524813662893
0.007079489808872011,0.20973303408963445,0.12340663306401087,0.010458780325188075
0.005375430771237527,0.051792059686870395,0.030001195975756352,0.012141209394244819
0.005180072509410764,0.3577213328876998,0.14689428656592127,0.012846017092403841
0.005011691807013843,-0.0799409491229874,0.11831394434264839,0.010888582061280268
0.0041366349325711845,0.35743565823977597,0.1155261542748225,0.011725572958701438
0.004979875768302358,0.023532082230386248,0.09538590911934408,0.010230147148573298
0.004257603211147883,0.5531336457862667,0.11859896342838669,0.012448086981734512
0.005914328997560713,0.12813780378148132,0.14869590376836891,0.010715885269533484
0.0033615064070195667,0.1111072940813068,0.08906467870485074,0.014735623263992175
0.0041068875960734545,0.14400828468023985,0.08857204977030948,0.009026943936473549
0.004093150725917968,0.309108951541178,0.07841783740780042,0.014840648424645523
0.005780722722778647,0.03565451936822178,0.1471637597458166,0.009426717498714052
0.005345684015279787,0.14082407973623445,0.08938128665008577,0.011077926146595946
0.003952397123516571,0.19522064337648135,0.10084948989649328,0.012468742381392143
0.0052579821068039915,0.1703530274600262,0.04547703163460205,0.010614716212786361
0.003860658238490742,0.1334892444552829,0.16641041451364233,0.012716236168532118
0.0031837102856506214,0.3152707231611308,0.1754838842779364,0.011214582318481922
0.004583842856400337,0.2982139799942112,-0.015242646140784258,0.01154902104887225
0.0038029623654257773,0.39379719703105914,0.07309780683343006,0.01148713667385852
0.0029501982454457182,0.30148129262853296,0.1087332338110076,0.011896687559472973
0.002782624925646768,0.26598234037908053,0.07305472832535943,0.011783653767591395
0.007911505521424476,-0.007279893614259519,0.09621530898289318,0.011019456086664565
0.002294278365451749,0.46549615522597404,0.12886836083833506,0.012731438388729699
0.0052415476800901145,0.1748134693459974,0.07236331186491864,0.010249749053201428
0.005158556623110534,0.09014036153787676,0.09785831746270193,0.01125823997266079
0.004449063018251726,0.3098257718188007,0.09795602652154639,0.01008339075802485
0.005649486790016512,0.15850469060128225,0.11713029669106731,0.01109891025349415
0.004622995303077654,0.15579817164275248,0.09682415571723045,0.010177869557812967
0.00907997509200946,0.011523210384419454,0.05503536698915231,0.013720622607090945
0.009029184386285636,-0.0051288697752432475,0.17440044915982483,0.014822777494927537
0.008984724399522076,0.11881266727010088,0.15619040125195865,0.012530500554035321
0.006395049217296543,-0.2578693281078035,0.08642756670236033,0.011493433671419655
0.00185636676854133,0.6345093590295771,0.11441862773917767,0.011477084095161157
0.004854956028205427,0.009791876526988166,0.05256851934416659,0.011244829645142897
0.0029566767097359606,0.17295631829960406,0.10936568922325225,0.01287449439636635
0.004041713775944868,0.23036446663953491,0.1228610492501731,0.011123645851855908
0.0042776842402662985,0.19495037246846542,0.041715075027002384,0.010251129415596834
0.004363829678695525,0.290432770206515,0.14101746538666768,0.012295977250456882
0.003748121102059767,0.1644211253364211,0.06772276731567385,0.012308810157168528
0.004121151283129087,0.0809396692123325,0.09777950894294812,0.01061559689716675
0.003635275928844213,0.7275323263347749,0.016707165373720374,0.014007406334249631
0.0023788161785226326,0.24873485609008295,0.10448750783420536,0.01005651724287632
0.007116305130383094,0.02260419687693449,0.1868505689734804,0.014506310207691277
0.006040879538085303,-0.2362061942352259,0.1774824992888017,0.011438368088158945
0.006616407480525723,0.26415066281623706,0.06781622977493915,0.012282273319131278
0.007434304223871425,0.20965680076136758,-6.890196905899896e-05,0.011476515706451597
0.003294690487535565,0.24587373970171583,0.20849229508155454,0.011541017631098289
0.00019544891575486907,0.17209033509615293,0.24026522587812432,0.01274983053057134
0.0038444217975362243,0.4936525024414692,0.048508014420824856,0.012786757384454474
0.0018342489349030822,0.24069241554088727,0.1220233035798856,0.011423198714540988
0.002718857340587531,0.3816411212297702,0.162643397488741,0.011554065326117038
0.006176158995296183,0.056700322237225834,0.034794350972909296,0.01095526748670882
0.006153491599955455,0.1695306311896077,0.04062326118372914,0.009973860159890121
0.004184009207357205,0.2121780799264245,0.10985471982857738,0.011609838572465395
0.004259931402255485,0.16481613741513612,0.18329003391820728,0.010688535045678339
0.004569323804014534,0.057481718881415525,0.15417584699075662,0.012691091438217473
0.004385548490125649,0.21355818900811557,-0.008972329821564177,0.011902951848020944
0.004197818044037199,0.276871200021386,0.1596462378711809,0.010446039133471731
0.004390047451661842,0.15459203776455435,0.07942002252489254,0.01040562680649833
0.004511484060554464,0.19119115538861464,0.11243606070730242,0.011751153767198227
0.005757279974020378,0.15569821199404713,0.09229254135090269,0.011360888814760096
0.00422237140196428,0.07185666505118121,0.15771374139638597,0.011246752716500434
0.00483802944987448,0.09849710319141955,0.01365408375633192,0.011390983347022373
0.005163601750104146,0.29031337197171786,0.0827731095837868,0.012122403746604572
0.001692320782991223,0.24502331172578262,0.10849977056186266,0.01106342663366243
0.007698078993658325,0.2652071691357358,0.05388815773833404,0.012737661793556187
0.007782174016116562,0.2638438298113296,0.06867802423685697,0.012614595600926879
0.0042693526656526724,0.09503894571864183,0.08259800959680523,0.01289745086347568
0.003649423000857225,0.005025594042681261,0.09586742484489807,0.010198522302652883
0.005790448368985377,0.016151404421542045,0.11504406604185495,0.010550975332996279
0.004124712684079363,0.34057797147956687,0.09016499646055932,0.011741054336678932
0.0013449582309093214,0.37877275524809895,0.09397376359955868,0.011715592121164548
0.007416399039567856,0.09495028496096303,0.08823972642129965,0.011203858616026503
0.002233645850786915,0.2737919433048727,0.1200117344296343,0.011784592309340274
0.002914294208407938,0.26434712600876187,0.034308132753999576,0.011373257945316134
0.003748563178683285,0.32330477092333587,0.01611462648048012,0.011647510380573937
0.004597288514498071,0.09786412771194947,0.22092868655423173,0.011565308777290369
0.005293483696394862,0.22915683385112354,-0.030583099947615225,0.010299613400628066
0.002565559538334967,0.34032083707362765,-0.01498706817789765,0.010320164047919748
0.006629400199557044,0.16841644174204468,0.1642482837787645,0.01181321875557229
0.004547089576229314,0.11906506052260035,0.0722381694730608,0.011000051227435276
0.005292494910671388,0.20364698762588176,0.043208967123346445,0.011347083158691793
0.0029240428377158684,0.20409915614355517,0.1284660686331523,0.011007374290800606
0.002821898871506923,0.19897024001378058,0.1259651052258149,0.011185516984443913
0.00496502057313913,0.16375070602691122,0.056037328935860616,0.010649584660447806
0.0031492129333017564,0.38293368118510523,0.08786047565421684,0.011111481923929491
0.0031129834223385146,0.347143489029362,0.07770804538047991,0.011122325452704928
0.004196151090038437,0.27013046959822645,0.08222131632445515,0.01143527521666253
0.00503433597238148,0.25105000329845717,0.0472597957702671,0.010720681025089685
0.004401136886880549,0.2356379309023022,0.002659943362825151,0.01129060100852807
0.004967890057234548,0.0547340824875742,0.17623685073275194,0.012197865997642329
0.002011991288109269,0.4544726875730174,0.0284166577790756,0.010234481333169516
0.004524966336332121,0.3025958691002534,0.03490758034921537,0.012028541794044834
0.0060476657647035425,0.02847726410902015,0.0954407349110695,0.01187280256860216
0.00366620171403484,0.3256276871985327,0.13464397949120965,0.010662072893867069
0.007995532628807823,0.04337243873759316,0.05530915416958111,0.014291001404499237
0.006699807232273637,-0.0915089275196549,0.09703942965013032,0.010641912480269989
0.0037984119723707076,0.2879365851578895,0.11761289410118103,0.013383077491472559
0.006072963617996429,0.16276738872243032,0.10478889128602366,0.009500745993953256
0.002510067102074747,0.4598956347188509,0.05072856151911447,0.013468735640546991
0.005870785490437763,0.2712884161216151,0.07969530370733073,0.010964128623850884
0.005224244967959985,0.19200590449981378,0.10927578085127015,0.01182583846181261
0.006995023094767866,0.07931205407748648,0.10870119886856985,0.009139786261343917
0.005186698576504,0.10004931338672578,0.09622427773242487,0.014814545368499746
0.004231956427959426,0.3537058946560595,0.08790827684470155,0.00893466854137807
0.005443373282236278,-0.004694346998418285,0.10085790483856638,0.012497571439877795
0.002837357746438016,0.41950636967820326,0.09603764015898565,0.010317273889631119
0.007653991519089591,0.0037483008010382847,0.11637326620645702,0.013096060705387085
0.008882827765717872,-0.23637337213339857,0.14049695648320776,0.012668734701086096
0.004946005252824221,0.16760000935838418,0.09611996074510673,0.01098561030855156
0.005863935357200547,0.041544587768833914,0.13820297628426856,0.01250928200116948
0.0031678744385098376,0.28397139858615483,0.14018190580938322,0.010067784354356896
0.006458609999384977,0.09408909579288043,0.11318445400072225,0.013378900343511786
0.004705682630322275,0.2401456090115498,0.09899126058187094,0.01011115078531632
0.004846480484855291,0.22514212818718876,0.08916295016329345,0.012555610943328932
0.00539440661080985,0.3251995981969925,0.11744631195013382,0.013817334708493726
0.005025885130078315,0.053516677762761505,0.10505226687806586,0.009900372294824674
0.004226435512346686,0.3690442281876656,0.16783945347102006,0.013060402573366226
0.005364126552576679,0.3227162099993661,0.08776461475582202,0.011834803205264954
0.003356957963703842,0.29110034178892386,0.13949031048470922,0.011314572817067577
0.0038144601322052845,0.21272303048193977,0.09831487934894599,0.011811758677649272
0.005614890004188838,0.244996761267741,0.0470746836946717,0.013395413895529718
0.003444489352802297,0.14217631514452622,0.13071146476982357,0.009845697708958372
0.008938423031285595,0.05563323532638702,0.054518069032739314,0.01392515755091318
0.002294107185290673,0.3422646833731021,0.0815257557314324,0.009083229420589974
0.004254342011087288,0.19198634204686021,0.06423479394547639,0.011765839848383542
0.00027108712971774283,0.5904882777806878,0.13584184689987377,0.012422616056525873
0.009355640784655526,-0.042174734999994946,0.06220266802877412,0.010554685373957156
-0.0010362767433162439,0.6282767467934616,0.12475353090152413,0.01217724046145429
0.0071385808764491175,0.011189480324918073,0.04948030152812759,0.010737899057969895
0.007869447764066931,-0.014283665025314292,0.06734584798809055,0.011123763382212788
0.002217624425065786,0.4060409932349053,0.10981690772133237,0.010544839570310188
0.007772361024334249,0.06036595978360755,0.05631204365014204,0.012064654840451711
0.00727326120211339,0.06923413612252588,0.04571235666600699,0.011912917642837466
0.0018897982136341395,0.35723884728601124,0.13199033246934452,0.01297620309052139
0.004219227042313812,0.10672048821829995,0.04859423111987919,0.009919601557675984
0.0026245397365752595,0.23533717754703742,0.09658993101887293,0.013465086768909389
0.0022969234000501542,0.36817341632478695,0.08742975739654296,0.014330021136327432
0.005744581091750245,0.02292145023203204,0.16943421796268857,0.009100144821259126
0.004513714717172397,0.380092262400014,0.08542987286499258,0.015133576532362898
0.005227609388583846,0.04320226330843087,0.0885061406097426,0.00933531848786567
0.0024038066630615923,0.4328893427568226,0.09139990025371907,0.013290793782819428
0.0062267143078153986,0.10303765039522349,0.09743000812452611,0.009534094224948135
0.0027416870098669727,0.38105323776912,0.08162436482489988,0.011396232561862263
0.0060484519478875825,0.06822862957398093,0.10753835592921801,0.010730651223645086
0.002975022747763308,0.42304628641672526,0.11977800266367705,0.011033255700895608
0.0039044867038595106,0.08073750384854751,0.13068519046791813,0.012572617410292574
-0.0014340965927936546,0.8678425177904302,0.04938545341489914,0.013098227466419438
0.006979280432093801,-0.0508335975698332,0.11494615600536005,0.011057462960314877
0.004255378111180492,0.14563266952679632,0.09731077410103907,0.010336950434236259
0.007341107466891442,0.12356063790101039,0.103969133919227,0.012076871340839504
0.006562728677011731,-0.029107361933887917,0.05792424027802458,0.012209179730798478
0.0063632932353330455,0.05544579268905857,0.1477438260630733,0.011026403528357502
0.005236710950149808,0.23930485217285075,0.09446710079919171,0.011133286716202508
0.0024461652705241115,0.17318526333443948,0.15566120734821068,0.013294396450394187
0.004694783586978605,0.3005351770616485,0.12927393773171808,0.010663591565843006
0.00323963779524894,0.1259879273399903,0.1165421339175828,0.010383076535220153
0.008990653971918613,-0.08182272777671953,0.06241407986683879,0.010932950135433946
0.008363563508554899,-0.08051503368724505,0.13334265771986756,0.010056547223943614
3.053031007770192e-05,0.6563399377201603,0.045265713333626154,0.013004359839533922
0.0015375885651556186,0.43656000728721767,0.08439010028645312,0.012651761529163887
0.0038911483418254175,0.18785559649072345,0.13499770787653645,0.00988662395628233
0.006383909739184419,0.13653898860195313,0.05037869385474401,0.01201492162652609
0.004170314403019381,0.34761196717866977,0.17459934199062396,0.010855717086037399
0.004200225060977417,-0.11407127137288982,0.13957389330129374,0.012465559680880114
0.005720254781596043,0.17537594036506698,0.25625496884888216,0.015054058957746743
0.007653888273895096,0.05572441996190559,0.30851537089580783,0.014996519469016199
0.0036695933067199945,-0.01896374100734617,0.07494446158312103,0.011310432958144306
0.006919412279519204,0.26899937048551437,0.13251199352984877,0.011614658618108172
0.003856817314924919,0.09169953789901955,0.12047155746797406,0.012801027397152625
0.00471490352847905,0.00957509364793494,0.17717506727473872,0.011651650287134451
0.003935952513862851,0.15514201845883419,0.17026891626263416,0.010504135391489576
0.005512177637082761,0.3279879286044221,0.004398447062385009,0.01043037105629361
0.0037148165013690723,0.2591037794442969,0.06656349493541852,0.011040003190218872
0.004199622995273122,0.39437855283124884,0.03892713907284269,0.009663858447728524
0.00211480103007666,0.349926933958244,0.14892144754414519,0.010880985768368193
0.005227651239042098,0.10636072088019215,0.01886751789774359,0.01034735688818847
0.005107896316394626,0.2928404707668987,0.26028844116339217,0.011619511757082658
-0.0006361870805684381,0.317326802101257,0.07258964975572882,0.014696540187079003
0.0021679266154879494,0.2443261424452016,0.15666506568119398,0.013913874824273415
0.0027686416829717786,0.2542721220970593,0.15410671971793588,0.013600307430945036
0.006399519651766185,0.14045507377109095,0.0775455548488347,0.009704926412246476
0.002679443246401892,0.31066756180523386,0.13464937414681635,0.012996694622802393
0.004066657782985931,0.31874130587928884,0.14205250648015968,0.012333434559562234
0.005358188189297488,0.343936636351353,0.1666443381685143,0.01199771714033737
0.004755701478989418,0.0960590968491735,0.12122888452454293,0.011061566148430015
0.002396964980114384,0.6216416183319645,-0.006446969182058388,0.011602943763449062
0.0029646859427702493,0.38261382958881424,0.04259010796304095,0.0113410271484261
0.005793411524941975,-0.023852567340963478,0.157289824506382,0.011491971619721555
0.0023550094587330957,0.4189103351097493,-0.0043331215769222,0.010846197914017097
0.00619939463614903,-0.012870217127180988,0.18817376588871318,0.011675622325783596
0.0017549269221173195,0.43119588945190923,0.0953570321011212,0.011298455564915712
0.005491988910047595,0.0745804037059346,0.16962160244763516,0.012246528032217811
0.007463519084094611,0.6071028998791352,0.005880463712752359,0.012042483898768757
0.0019545559401113054,0.38182921876143844,-0.0038812236184779204,0.015232120080830027
0.004827053851639863,0.17244169014961616,0.16858874220946068,0.009173482557311294
0.001333725290299378,0.47037668429107526,0.05633174999243794,0.010092199110102468
0.009362696738040967,-0.06803912162868961,0.14322019356863247,0.01310424167914488
0.00804712958252139,-0.09004975403163676,0.11756233755023601,0.012158103122909
0.004746447851517789,0.2341228513820286,0.1026997193318591,0.01071881789042057
0.00505430003103075,-0.0057329743667018165,0.10480581674015285,0.012455862076660907
0.0033148360483530913,0.3225587473263519,0.07931493504353909,0.009862471851180797
0.0036773543375589945,0.18015632234989404,0.08529699924115998,0.010542002487287523
0.003036169796884936,0.46577169615764696,0.10268506217559493,0.01225558888631228
0.003630729187023425,0.38181988349591306,-0.032912471412577,0.013382786780577187
0.002857041005161726,0.5109192200901194,0.03809607538733232,0.011995471054002642
0.003303061148889684,0.41791198194211177,-0.030476624118057176,0.012813095629395978
0.003404772091808791,0.4089496122049689,-0.045483424794732094,0.012547599298380794
0.0045788294308277844,-0.0681551596670674,0.19760235942711563,0.011666393374738702
0.002844433141932162,0.33956419511867053,-0.008832090542065397,0.010708984413032935
0.006118344370929493,0.29292152734254795,0.1098492036420699,0.013090865906966016
0.0062063824624330995,0.22836503645822764,0.022736418730830498,0.011519272972886126
0.006031992083577334,0.1777629213207015,0.01403294478914932,0.010367545731835945
0.00325194011766798,0.2972087999737617,0.1435369844288374,0.011808449260187726
0.0038944261704965243,0.5244544309669732,0.10540079197737903,0.011596180470826813
0.0031723279346694356,0.37938611669920613,0.13904531844408788,0.010914374061062623
0.003946218615698091,0.3044412555203474,-0.014713420178913306,0.01348205450668539
0.006519206046782104,0.5762135251190316,0.01240678487511008,0.014818868167833172
7.488098385344523e-05,0.3232650017166944,0.1155068575333278,0.009929991174465084
0.0003302114980805321,0.2513030854153303,0.11687901061966821,0.010113612746290829
0.0008999084755495629,0.2891951352281549,0.09982120517965773,0.010323014564747698
0.0008158016592254945,0.2885940864002708,0.0987418255593746,0.010272381534470888
0.0008049634382992011,0.33842186236803684,0.11106474118855676,0.010760790080062529
0.001559416650111323,0.29664608583660396,0.043739869536356134,0.011398659677560728
0.006624089577969567,0.15453253823115085,0.2021804937460835,0.011269334959736777
0.00703906199158193,-0.1669499140573041,0.014741769527660598,0.012754681972492504
0.0001582331087451511,0.5005980940827217,0.13625093177075534,0.011353893346851747
0.010068219150874178,-0.06326465107838239,0.05474506330340918,0.011510606609272955
0.0005929150255928032,0.2701266787101867,0.12336792433637667,0.011734258253027
0.005206150641485334,0.4875441036511479,0.02854931615808004,0.009833232650107665
0.0055957663674050615,0.1748583031618129,0.07633148590027251,0.012832667984405256
0.005472272291530234,0.1475120396368374,0.10422646103697492,0.012388392460890414
0.006396691889210202,0.18884335834222332,0.1277941029288592,0.010545979924940264
0.002478703570964674,0.3641632355050822,0.03416476310435755,0.01277969066358514
0.004193955432399862,0.020767267351952237,0.09286104136456438,0.010758540051165813
0.003665682663121624,0.4046196159409376,0.19374268740888498,0.012586300582739709
0.006390636426361878,0.29212790555593166,0.07262285402390882,0.013386138664152685
0.00652145819211632,0.4154615412667469,0.08913423022735033,0.01240909220459526
0.006227967499391177,0.03155229363366645,0.05548419834426468,0.01264550178625415
0.004028499811156457,0.22256148103463988,0.1294779455897884,0.009907553574015782
0.005541606054459096,0.30783327765194357,-0.012936944794156831,0.00992711891814783
0.0033645968153150118,0.3925441113388404,0.03485591761320349,0.011004916035543096
0.003719964611424299,0.32872750245543414,0.04352724853077361,0.011139229336504537
0.0058170845261000205,-0.023742459522978973,0.14247171748400947,0.010339958650834176
0.005982130475743928,0.2054170328516222,0.15935206180841313,0.01050894979717043
0.004656966768745317,0.27745698481901054,0.05062182201815796,0.011962018347580872
0.005018975214035158,0.15944899068080817,0.14487145835606832,0.010399833468659274
0.0060905945370323174,0.11471802313224594,0.10830828715212493,0.01077629551576082
0.004332354734621608,0.1048810342654026,0.08411697073567251,0.012353400252600236
0.005463848241040467,0.2615619697356699,0.030958373753162457,0.010872087683744036
0.005690434858974644,0.1622453186917098,0.08074064204251442,0.012624357047619583
0.005538154155656642,0.17707931351394204,0.09885835530291755,0.009946697275987187
0.0024485438155587044,0.16196402236870222,0.0998926283521653,0.013232355183332772
0.00721934969105166,0.4489728394584865,0.055622148551785704,0.013120108441488507
0.0020210565881523374,0.11668758279241034,0.08807505188485916,0.010107287911073407
0.005614870438951408,0.14397581407297785,0.14262068404593162,0.013091476005541258
0.0037916920149279293,0.15564759196093236,0.12871427020635207,0.01004717959412907
0.005792222365718201,0.10283365442265205,0.14750045448881696,0.01188770112885517
0.004516707971745404,0.398761284381536,0.033248099513506185,0.010304440875980429
0.004778977143280253,0.014985475995680484,0.15079614991798196,0.01167318167766878
0.005968403593110792,0.11965683207527288,0.050225517081637375,0.012141790929788211
0.006818961045753272,0.09838720229808903,0.058706259608965694,0.011779830202034394
0.009595779565825807,0.07802462401962794,-0.09945217382783822,0.013056067013403918
0.007928983894641846,0.1247316270209271,0.027226873854614433,0.012610853416582291
0.0049685656406440164,0.03783558936321905,0.024689635900609644,0.012267226601439307
0.005573717644674264,0.27229953228437576,0.1454579621002535,0.010323120216203721
0.0053850084964691715,0.2893834353632669,0.08651333316678245,0.014798596872478139
0.0033574867055646057,0.505890919756028,0.10173549432434455,0.011860699542894931
0.004414556064803179,-0.08689236327264864,0.16009962855991328,0.01061987281791508
0.005327950250510952,-0.05503418693042019,0.15441351036523351,0.012219041295224073
0.005875646864200861,-0.02846892951094579,0.146320980417269,0.012142528738496498
0.0058319095207130635,-0.03706979445515702,0.1427266499818403,0.012153524394743168
0.0025521697222861822,0.17616659918530653,0.07375030812078476,0.011062182528488684
0.004140605750545714,0.4252801358323391,0.12895587445549694,0.011653174525940729
0.0020867827571102882,0.2587921324468689,0.10247549425749926,0.01118270165664232
0.007965439722147185,0.23276628840982055,0.08048659580756938,0.011337529271596604
0.0011089559157018395,0.1763007595159322,0.10918575870426843,0.01136420920361269
0.004537716634526043,0.3792727236178202,0.13325416727382697,0.013293159692690163
0.0027877938122212722,-0.028871354654993242,0.0630876084704503,0.010149243434377364
0.003092626251161878,0.27444569383947315,0.09113684016006064,0.01338980522204157
0.006526266142179425,0.2866172957700166,-0.0024296011874110723,0.010615584604573257
0.0009803114855377994,0.3061044677634061,0.19087295455186384,0.010892713759223604
-0.0013802218748736645,0.14662610017043506,0.13752715112231553,0.01291600119671896
0.007246510609717953,0.24033618776426094,-0.021584038015198193,0.012467116379457483
0.0002406830612233114,0.6556523940700669,-0.010936448383596389,0.011965869266584524
0.002174118756813705,0.47585403298881257,0.0572935474795613,0.01546644603988377
0.0007773283288799223,0.49387749754588656,0.09754160806383379,0.010271229340593295
0.009068850529714161,-0.22175195770513934,0.08395864932722683,0.012347900873038668
0.003632993102042247,0.2792333950436279,0.14738873231562488,0.011012953849588721
0.0031689029110162775,0.20164432479314712,0.11958468986787962,0.009912471660176336
0.0030028642617527814,0.22059873907123115,0.12446322425181408,0.009759511040196078
0.005880312581170134,0.16229775753764653,0.07966857409096476,0.00927779549032672
0.005138433285232434,0.1023494746350454,0.10084708982637793,0.010411040131166019
0.006150004695634651,0.2001066742645398,0.08705583686809852,0.011359006628367146
0.004869472291522287,0.1429005025279359,0.07280887747109976,0.010668738336193065
0.007051081451281997,-0.0621572040907498,0.16862105277658962,0.012004576078939703
0.00766443120708908,-0.18581245153303091,0.14309122260426352,0.01129162555092959
0.007387853658047974,-0.23078536985458256,0.12741475632832913,0.01191691331019567
0.006995336895318353,-0.19956474239996827,0.12664690889251848,0.01185183556420681
0.007197590056825143,0.03702627304888831,0.11960542295622584,0.011718203144490876
0.00339238625458689,0.18685306144263486,0.12438126940421672,0.01293667904673127
0.002633509858730021,0.17483793040312678,0.1288424929309743,0.012824440836237816
0.0027360376305245082,0.1619878833245209,0.1279087249540098,0.012753134169301229
0.0028375109381783264,0.14584338182463819,0.13394705576129956,0.01252920352741671
0.0028678342720868306,0.1432410691978367,0.13118062403993297,0.012577635463363773
0.00272813883350583,0.15756457035099483,0.13049628769972582,0.012558336619443045
0.002771871206304672,0.1381180846539122,0.12906741750034903,0.012550220502465414
0.0027355095459946116,0.10320980540513183,0.09926545676783476,0.012706406332885532
0.0027355095459946116,0.10320980540513183,0.09926545676783476,0.012706406332885532
0.0027355095459946116,0.10320980540513183,0.09926545676783476,0.012706406332885532
0.002882474001543913,0.10816494587027059,0.1008955022137624,0.01278905684414506
0.002882474001543913,0.10816494587027059,0.1008955022137624,0.01278905684414506
0.0030398443966745937,0.13018704010798493,0.10048713586477581,0.012766256727377988
0.0023345996789593624,0.3043061543532557,0.08512214003242302,0.014099076963712103
0.004888707677944649,0.20132596130213118,0.11122862063333372,0.010067630463197851
0.00329517528307485,0.3398780493699024,0.14124119480857159,0.011623566402241346
0.004187602684773117,0.32372810392082185,0.20637176507253766,0.01072448638094711
0.0009137534329488051,0.1833194598459837,0.1901996885387247,0.012552935939929679
0.008446560698749505,0.004124252680460761,0.009078217778375445,0.0105655667871455
0.003705666584658397,0.08710444079906594,0.2014440765865458,0.013212638268927558
0.002081107169596977,0.23159083601809,0.1378077680218937,0.012306558702815813
0.005392123628244748,0.2480897882314819,0.07264578488558864,0.012321384344967722
0.001353209276222266,0.4694342139631161,0.12628864231042156,0.010434917653669962
0.01148419544788562,-0.07462062535494547,0.11089164796191903,0.013060327466086591
0.0022640266499201027,0.29867144075668267,0.017931817314830713,0.012339886070430973
0.0024581621522066464,-0.057029890079297235,0.10940005278609917,0.01134478590810633
0.0031880512700836697,0.21414569967737587,0.1723617124174689,0.009127677452885851
0.00448452510168962,0.22753165628650843,0.05698307311394216,0.011251249419754342
0.0042843368021247075,0.005406340567576022,0.1982956329195756,0.011584348948478899
0.008019758382773497,-0.05285192742900947,0.1262496081728806,0.01186866019682537
0.006394237908510881,0.01028665371763634,0.09504408883870481,0.01112406281204375
0.007935089649723136,0.06316196629407854,0.08850175269820626,0.01011579188234331
0.003755954896207845,0.1755053411443544,0.004876825853390836,0.011941574317549004
0.005352412772340517,0.23587457189930325,0.06862155691996254,0.010454902075895434
0.002176856297271488,0.5048867990212473,0.060319760747247625,0.011194246141093015
0.0012994061710654686,0.452261389074998,0.018381956184162926,0.010978357926964444
0.005544881918394586,0.0016848312513767713,0.18014674435672404,0.012240333043726364
0.0034288742155551177,0.11298966261342899,0.11385615317366653,0.012629593399906108
0.005571913952085553,0.39130069550752117,0.01678433543883276,0.009884308316385933
0.004790932133224684,-0.04331837328646834,0.20052744908922385,0.01314708930126968
0.004225206423059898,0.3986108239986597,0.024876438659160383,0.009681865404299186
0.005926327338423127,-0.10557873009820164,0.19145194765718584,0.012667538033404875
0.0053018630946403645,0.05624919409681114,0.10532078435624798,0.011208030529022053
0.0038260028031684413,0.2579962710983034,0.06434931980531385,0.01274639685573175
0.005641136879895589,-0.03635129400962547,0.06892928172234591,0.010996866780105894
0.006725186008488866,0.11919711069665091,0.16923620373673479,0.011534855541293819
0.0052068296116407845,0.46109066254880626,0.056241946982525985,0.011517105678982417
0.004341516840435351,0.3653184468926547,-0.07643985737347649,0.013750523361757428
0.005818352311952559,0.3169488238155517,-0.0906935038768195,0.015258145187141376
0.004532082570332067,0.46339057440261333,0.07278514815489709,0.011405921390144323
0.003931340180284822,0.07365745218324951,0.11211247381980288,0.011208144030385983
0.0034885851467539694,0.08710012961223565,0.08097070944875245,0.010953936404687808
0.0011925056170465007,-0.014094624061525651,0.1378498609648733,0.012735776260890168
0.008586398282936475,0.33865486054095967,0.05344394327098379,0.010463787946122917
-1.404641776258106e-05,0.15955794519275648,0.03682849934232325,0.012603954146473485
0.009920736640472364,0.3848696521905808,0.021875231602774534,0.012439390878641269
0.006212507970789726,0.2769475013179876,-0.02936390839756367,0.011506782068827784
0.0017216689277410125,0.2080113619841478,0.18827102970126716,0.011329845540136673
0.004304107752594452,0.5287177123749562,-0.06576307496565573,0.012380857882060822
0.002694011682217913,0.5658526567637701,-0.033962773031470064,0.01319251988346171
0.003898965200841924,0.4413820947714951,0.03114869250511513,0.011643748776066195
0.005583608237801761,0.11020440696449084,0.12215539310287742,0.010850518707166542
0.003586742183459033,0.5441778199967481,0.05242167100853768,0.011682261579042083
0.0025642337330423807,0.5821398355171599,0.10633582643975174,0.011508999300564818
0.005596806246730518,0.18094625434166442,0.11009979008090631,0.01162485885453413
0.006365371425122863,0.31225639085876605,0.11508613626695487,0.010278249135522654
0.002696082717703895,0.055035722915815447,0.0790208101085327,0.013296881188635227
0.00810193997662574,0.05672074749572821,0.14805113287976207,0.0142755199676724
0.003942224480196134,0.3555832876867413,0.07772381110829317,0.009218475442906169
0.004635360432247942,0.16825809289395433,0.09551466314718436,0.015754863605792674
0.0062070951920947335,0.15634696532731643,0.12048822012594704,0.009324810558969257
0.004337026576498614,0.0841249923211451,0.07809500597945174,0.011323120810566308
0.005986901766002579,0.31375507424452287,0.10648201288476787,0.011577283553809178
0.0035767288262376173,0.17232238687310697,0.04585132566688225,0.011192154142940763
0.004096940159623368,0.19757119674236764,0.029812780407269285,0.010821536881249854
0.00487591562400353,0.15285588606630204,0.24224084629361378,0.012487898869368344
0.004146514219262287,0.07582356502459017,0.11250308480455502,0.013071937569644669
0.005224753136663711,0.12655796165405123,0.0463946593250141,0.009961897658185712
0.0033420737947955506,0.16372981072310155,0.12863194605266215,0.012813133200582555
0.002935071762392265,0.01945148371077282,0.1273968835183482,0.011039540386705632
0.0046639853781801485,0.10274496184198287,0.06029789068114942,0.012075287465632327
0.004603831529543329,0.35507510627966005,0.10603729939617443,0.011002497176779088
0.004664033171548121,0.096004666233539,0.089755983775548,0.01138784493551383
0.0038069971036049687,0.28807079560238985,0.08647713840027325,0.011229424069533152
0.004680497315592665,0.12305949170336497,0.12321187688480638,0.010824082162586046
0.003173273698454003,0.29810512826046653,0.05844666224073002,0.011610229016229228
0.0031593834623366815,0.5711097137680334,0.030032172031822794,0.01156191345626311
0.004842709041290063,0.1564177455287229,0.031472500913753976,0.012102019417605529
0.006075870474588019,0.05566923323866417,0.16131899369101324,0.010061387908967122
0.0013231714107257717,0.34989929150411536,0.11385335944575105,0.013982032660549135
0.0076212979090362655,0.3214761141408234,0.06093875609170747,0.0110980659322391
0.0018818049913384538,0.2130472447620544,0.08882940354704556,0.011401903156621958
0.005242245777508422,0.3763019900684022,0.09361588566140014,0.011514370356393007
0.006748833014162251,0.1708592224208966,0.016259047628334758,0.010438325106829077
0.0026596406923592108,0.20918640156664803,0.17760254429734612,0.011898937436512338
0.006778233812772905,0.4016619357149388,-0.03070872525932019,0.011231790627381817
0.0044546685749135536,0.10167156317308945,0.0820809466404398,0.011766302756862626
0.003124060237495909,0.5492272181566087,0.019011592855350815,0.013754845642284757
0.0032460375710194242,0.26182386795779333,0.01447954577675005,0.013133440494766146
0.003567323008737601,0.6431280721593191,0.07077189963993187,0.012901165898044891
0.0021317570420822467,0.541130559983679,0.04560224071775556,0.01500735494593598
0.0035421016835700974,0.20709403779844895,0.10564556168820534,0.009415821682631212
0.004526088615140952,0.3076490712975105,0.07758411692089705,0.012904155495240559
0.005079754058890876,0.2618826307577262,0.10637733221123255,0.009908520285108198
0.003233103326357214,0.24202411291273263,0.06762540066540332,0.013528563010439544
0.004122275366451694,0.011977332306063968,0.10247269641205761,0.010378151854516144
0.002941590269722488,0.5496382721054984,-0.002461255834149731,0.01316200676517302
0.004615534091414571,0.06868079010757352,0.08378339898529308,0.013434985955568936
0.007513641251468009,0.18681977843912007,0.06958657063591184,0.010364068189136495
0.0014855088699875793,0.28890065693659467,0.18346830098612674,0.012528755592440405
0.003109311338603079,0.3639714543402365,0.08731959569335357,0.009628263018307217
0.0032727243912640497,0.33413221990142344,0.07933613536593206,0.00941146542919812
0.006953668168470431,0.18024290328964274,0.09878134664138873,0.01405696713095947
0.004017192156104176,0.2527241530939113,0.045721960766184476,0.010224019789581802
0.004513476432197902,0.15658054157769427,0.12885001632813917,0.0113941327178802
0.006401503764686516,0.13623344996557074,0.1120763053038295,0.01217389716949097
0.0065408476621172905,-0.02040079630305781,0.09346295383753017,0.010601998707910768
0.006649917928971736,0.22748469625729026,0.10244927715536858,0.012110210635312408
0.0037703123914996474,0.1315780410532126,0.11780949960310012,0.01237198334671686
0.005010376354009983,0.3014373973301032,0.11502617167888823,0.010234617821432397
0.006121640176404643,-0.015146745077654403,0.0962281783379016,0.012851920002011085
0.0036679384894376782,0.329714200453582,0.08277093580443723,0.010039024963695882
0.005880752777793187,0.10211888190689415,0.09727257415198438,0.011752575764918918
0.004004675286415933,0.3386484861318213,0.10221518967224656,0.01041664720428687
0.004033962915600519,0.156058601872576,0.10346596695329607,0.008963372995611037
0.005372845233893148,-0.01468853081066871,0.08418761190511584,0.00895653933070439
0.002852572068372778,0.5501532456675376,0.0878712357268951,0.01377525777049325
0.002799767028240576,0.18937279701429827,0.09589492628247778,0.012915999361686081
0.008388172845239815,-0.0889088841481698,0.16683888551338782,0.010592379219149142
0.001981038113378084,0.22118578919833648,0.1245968560424852,0.011762834867787097
0.006236408590013391,0.3059632744883956,0.09510776211630537,0.011916903936087095
0.005471743969384375,-0.00039154221225803226,0.04996149321865361,0.011800990147299212
0.006947441781734712,0.2381911009262591,0.1706322800278303,0.011926892868241038
0.004078305211565611,-0.15087946248598255,0.1586947306586383,0.012576238885662111
0.007802864028998854,0.1612248298739587,0.09018989386137825,0.011216358032304872
0.0058693103852722394,0.11966414762149552,0.0976450253744902,0.010826762617657266
0.004808536500483429,0.06737453318512135,0.12940896315837042,0.010671336235029291
0.006118560247155007,0.3623067954354414,0.03983090919898024,0.012033339862359695
0.005831119674917988,0.37747092592008075,0.051486070648944095,0.012210828179562327
0.0036807836363180507,0.25712252424466947,0.03146293842436465,0.01117694860568296
0.004969399874398152,0.25938083551997604,0.04948994862504288,0.011706962549874612
0.00523692303504246,0.3839742010268592,0.06911102247708713,0.012988199239444664
0.004485468004134289,0.2942873515712187,0.07294563263418198,0.012999555663986606
0.004541383946722872,0.04693260988725489,0.15271681302796847,0.010210997103697017
0.00954279621657173,-0.07755710898830347,0.0880027000869013,0.011000208416818888
0.0019919778925871585,0.3483100493212205,0.08159438892522743,0.011211133333278542
0.0065516416042237366,0.15218400067971036,0.10573083742741342,0.012645048890641407
0.002703795598077398,0.2162879205275741,0.08271123644015793,0.010296112768018992
0.003002574247689395,0.18064902253960194,0.0949476410376204,0.010052765317702606
0.004492201319982199,0.15699302358565073,0.11530699055067363,0.012028181696885597
0.004911768319279595,0.06398137424407324,0.2115118790473498,0.010918111947987766
0.0060237709099220105,0.20575006367819154,0.03089078654082171,0.013066051668225779
0.007146934581581542,0.17165281440651342,0.09860936012245775,0.010264840903032382
0.0030785936099574297,0.3462302368365799,0.07267876773970193,0.012709135371420315
0.005728096772731845,0.12682284084464218,0.11887360275075515,0.010489702524881362
0.003968201780605988,0.061301898492890444,0.0857227153932718,0.010250445244009547
0.005808959351284835,0.33088995527832277,0.08150198603543495,0.011179401487802686
0.007048066945167919,-0.3635156175414845,0.16775180354178718,0.013032100884637332
0.00827514287522038,0.16472064851624818,0.24394136780358286,0.012988810286787519
0.006306937920530997,0.046888751418015615,0.22909566949440185,0.013892630721181055
0.004054486916357881,-0.054126108154829794,0.22779666005689198,0.012416840857845649
0.0035636453673809155,0.38867309150450646,-0.03829400158725987,0.011428299149266937
0.006137381900981409,0.06926868422521444,0.1883089011655808,0.0116018530380262
0.004844396882830983,0.4454562627114275,0.02855821973063759,0.011628116659712735
0.004565367340927687,-0.04385903975027065,0.14903774373010664,0.010770119139802258
0.0015851164170526076,0.24768357466990845,0.03221722085503141,0.012271701581598507
0.0034054581875829436,-0.14193328604746747,0.16511269019904284,0.012429125921038774
0.007308204711516473,0.26520417011823316,0.09962645096790988,0.010079398417882454
0.0036105069725304397,0.21148676059660718,0.1405381968607808,0.013092313548986803
0.007338901570749958,0.039711322510012775,0.06796705813212923,0.008851641059918681
0.006746198301857418,-0.12655148281216705,0.1040380132113638,0.013613231342459814
0.00509281792662508,-0.08160380053911308,0.11216601420484953,0.012557903260136751
0.005748846044428099,-0.10245154465135842,0.0539746375419311,0.01064385755880685
0.0064478220818157345,0.2477018389163823,0.19321405099266817,0.012909991443930445
0.003347910291368277,0.29981249396501813,0.029056818457391196,0.010094597404986298
0.0051301406104986,0.29297435665114574,0.06037680030975599,0.011764798787607684
0.005188755870258678,0.11348328315376795,0.15212566269219086,0.01064248121830224
0.005910283444924212,0.04657429717600801,0.12474095821498622,0.012148868549615005
0.006166549369936883,0.22970778521508706,0.15756542311357913,0.01245828114193503
0.002360618670973574,0.13671832454097776,0.0455773976673734,0.009706923722834776
0.002223177045157625,0.1359474427461915,0.08437468251466919,0.009737725524811962
0.004830839861140881,0.5226831352369419,0.13901754205489117,0.01550404444849634
0.004901570535716125,0.5111469663014155,0.142486490027158,0.015354325821993952
0.006731969499916425,0.03479951391868202,0.12569575085511214,0.009447890952952457
0.007216686681906965,0.07354059062524354,0.12261296527179504,0.009613688469993255
0.008263229433762816,-0.027286650910325567,0.11580505566583026,0.01017197835353833
0.007877943934826317,-0.12135681793879156,0.08427022103895383,0.009639793193282934
0.0019387055016497296,0.28453368036448545,0.2458171298426511,0.015398562667767686
0.0015041041865233196,0.31043639222561886,0.20140981792910087,0.013581033566026544
0.00418678723563436,0.3705376999015061,-0.025872477657028395,0.010197920440992197
0.005245463628388357,0.31960750928003623,0.025405799939189434,0.01151617590474061
0.0071544895017234805,0.31224638378186104,0.19187514688028615,0.01195418840201234
0.001373601822072594,0.11552081511102569,0.06405245617001151,0.009882362527068821
0.0007818801914965754,0.1703199974774766,0.042209891499640294,0.01061887411163358
0.0037447759383115492,0.30171265938892705,0.14022040882623976,0.014002604308321023
0.005266076081598242,0.06440842272643396,0.08599140809351943,0.010160533016789644
0.0007979075480223061,0.1901846677559691,0.0675763383096357,0.0133331521751711
0.004385642780828339,0.04841221109827398,0.11059775565546975,0.010444780971067134
0.006539877788504922,0.26688677028563973,0.031125480288431998,0.00999543638089036
0.0022483839850584164,0.22795839756291855,0.13524233771039187,0.010965107811689336
0.006085151894245303,0.2549464950233562,0.0947462264573764,0.011729452700677018
0.007800727156948386,0.31619044637688526,0.042405666714838065,0.012197574245675684
0.0042640180772555904,0.19503733659472192,0.046830495221343534,0.011171907841101102
0.006579782271574552,0.4632823008942572,0.04073641015650736,0.012027855857342624
-0.000942024122307841,0.41130333318336165,0.06604149659417723,0.011584260651830491
0.003756941374689923,0.48976436236613075,0.09766885620992881,0.012121650662027089
0.008751434665801305,-0.10022636805620137,0.02540299012430303,0.012724945453673777
7.252329485073951e-05,0.6544218501421023,0.09560770655591248,0.010650927095814751
0.0029823502476282,0.3130087796358806,-0.013018357485801038,0.015352628728954735
0.0022454794945663535,0.15306066075233132,-0.040458221810303535,0.01396961283763563
0.007767646206373369,0.5581143226355211,0.10485178431921777,0.011977448862444352
0.003533441167288802,-0.19465763622016555,0.006872361242754002,0.011046090833558514
0.0015444230272743504,0.11468611670907844,0.1788186759134008,0.013067910765284711
0.004939632488495178,0.17064571533882314,0.1361882780890905,0.012460195387677571
0.0016530549027462488,0.269263694818084,0.18963238442509547,0.012443240530366682
0.007842437406060054,0.07654698797860683,0.09370694727268211,0.011927111579181702
